    Name            ID          TAU - username
Sagi Shoshan    203974712       sagishoshan
Itamar Zafrir   308517119       zafrir
Ron Tubali      318917895       rontubali
Reem Joron      208646539       reemjoron
Yonatan Itzhak  311244412       yonatani
